{
    "Raymond": {
        "name": "Raymond",
        "age": 16,
        "highscorecorrect": 4,
        "highscoretotal": 5
    },
    "Reece": {
        "name": "Reece",
        "age": 16,
        "highscorecorrect": 1,
        "highscoretotal": 1
    },
    "Austin": {
        "name": "Austin",
        "age": 16,
        "highscorecorrect": 8,
        "highscoretotal": 11
    },
    "raymond": {
        "name": "raymond",
        "age": 16,
        "highscorecorrect": 7,
        "highscoretotal": 10
    },
    "Anon": {
        "name": "Anon",
        "age": 23,
        "highscorecorrect": 1,
        "highscoretotal": 1
    },
    "User": {
        "name": "User",
        "age": 16,
        "highscorecorrect": 7,
        "highscoretotal": 7
    },
    "1": {
        "name": "1",
        "age": 1,
        "highscorecorrect": 1,
        "highscoretotal": 1
    },
    "Jake": {
        "name": "Jake",
        "age": 1,
        "highscorecorrect": 1,
        "highscoretotal": 3
    },
    "Frank": {
        "name": "Frank",
        "age": 16,
        "highscorecorrect": 10,
        "highscoretotal": 10
    },
    "fr": {
        "name": "fr",
        "age": 100,
        "highscorecorrect": 3,
        "highscoretotal": 11
    },
    "Dr": {
        "name": "Dr",
        "age": 60,
        "highscorecorrect": 0,
        "highscoretotal": 1
    },
    "Lets": [
        {
            "name": "Lets",
            "age": 67
        }
    ]
}